Feature,Importance
numeric__absences,1.098434244653009
numeric__failures,1.0229018916480188
numeric__health,0.2085805730710941
numeric__studytime,0.19546313849729596
numeric__goout,0.17552635573511216
numeric__age,0.17228199890837487
categorical__Mjob_at_home,0.1498593649038474
numeric__Medu,0.14280554418818128
categorical__schoolsup_yes,0.11470586361896405
categorical__schoolsup_no,0.09714548502219951
categorical__Mjob_services,0.08945088515121763
categorical__guardian_other,0.08438641270514494
categorical__sex_F,0.07833529244883297
numeric__famrel,0.07759426136167705
numeric__Dalc,0.07381247882385197
numeric__Walc,0.07009958192349254
categorical__sex_M,0.06937046999182049
numeric__Fedu,0.06719813186633264
numeric__freetime,0.06636764807746957
categorical__reason_reputation,0.06535990832980487
categorical__famsup_yes,0.0632869884905503
categorical__famsup_no,0.052414635439441914
numeric__traveltime,0.0522944247395092
categorical__reason_course,0.051498108953744175
categorical__higher_no,0.04821719737854859
categorical__internet_yes,0.04554358759805683
categorical__romantic_yes,0.043298876455476414
categorical__Mjob_health,0.03988634240973276
categorical__reason_home,0.03890090042232336
categorical__internet_no,0.038216467324994334
categorical__higher_yes,0.03731292032278218
categorical__Fjob_teacher,0.037051640989195965
categorical__Mjob_other,0.03472108263724106
categorical__romantic_no,0.031369506190217125
categorical__Pstatus_A,0.02853653408972806
categorical__famsize_GT3,0.02754183646854071
categorical__guardian_father,0.026540642030740632
categorical__Fjob_other,0.021861444027053346
categorical__activities_yes,0.0214273026348878
categorical__famsize_LE3,0.01989956314603584
categorical__Mjob_teacher,0.01943582807734977
categorical__activities_no,0.01821846481532715
categorical__Pstatus_T,0.017453241537308463
categorical__nursery_yes,0.013989969522336746
categorical__address_R,0.011826446252844522
categorical__school_MS,0.011756016759835319
categorical__paid_no,0.011320179019163096
categorical__paid_yes,0.011060659602557171
categorical__Fjob_at_home,0.009979432916204813
categorical__school_GP,0.0098721596042162
categorical__Fjob_services,0.009341456751072478
categorical__nursery_no,0.009214879989439184
categorical__guardian_mother,0.008873333596638543
categorical__address_U,0.008062464682128782
categorical__reason_other,0.007598065677755506
categorical__Fjob_health,0.001374645385127841
